[
    {
        "keywords": ["simon and garfunkel"],
        "lang": ["en"],
        "locales": ["en"],
        "slug": "simongarfunkel",
        "storage_mode": "S3_ES",
        "image_storage_mode": "INACTIVE",
        "model_endpoints": {
            "sentiment": {
                "active": {
                    "mock-fasttext": {
                        "run_name": "fasttext_v1",
                        "model_type": "fasttext"
                    }
                }
            }
        }
    },
    {
        "keywords": ["flabbergasted"],
        "lang": ["en"],
        "locales": ["en"],
        "slug": "flabbergasted",
        "storage_mode": "S3_ES",
        "image_storage_mode": "INACTIVE",
        "model_endpoints": {
            "sentiment": {
                "active": {
                    "mock-fasttext": {
                        "run_name": "fasttext_v1",
                        "model_type": "fasttext"
                    }
                }
            }
        }
    },
    {
        "keywords": ["absolute"],
        "lang": ["en"],
        "locales": ["en"],
        "slug": "absolute",
        "storage_mode": "S3_ES",
        "image_storage_mode": "INACTIVE",
        "model_endpoints": {
            "sentiment": {
                "active": {
                    "mock-fasttext": {
                        "run_name": "fasttext_v1",
                        "model_type": "fasttext"
                    }
                }
            }
        }
    }
]