{
    "mappings": {
        "tweet": {
            "dynamic": false,
            "properties": {
                "created_at": {
                    "type": "date",
                    "format": "EEE MMM dd HH:mm:ss Z yyyy"
                },
                "id": {
                    "type": "long"
                },
                "text": {
                    "type": "text",
                    "analyzer": "english"
                },
                "source": {
                    "type": "text"
                },
                "truncated": {
                    "type": "boolean"
                },
                "in_reply_to_status_id": {
                    "type": "long"
                },
                "in_reply_to_user_id": {
                    "type": "long"
                },
                "in_reply_to_screen_name": {
                    "type": "text"
                },
                "user": {
                    "properties": {
                        "id": {
                            "type": "long"
                        },
                        "name": {
                            "type": "keyword"
                        },
                        "screen_name": {
                            "type": "keyword"
                        },
                        "location": {
                            "type": "keyword"
                        },
                        "description": {
                            "type": "text",
                            "analyzer": "english"
                        },
                        "time_zone": {
                            "type": "keyword",
                            "index": false
                        },
                        "geo_enabled": {
                            "type": "boolean"
                        },
                        "lang": {
                            "type": "keyword"
                        }
                    }
                },
                "coordinates": {
                    "type": "object",
                    "dynamic": true,
                    "properties": {
                        "coordinates": {
                            "type": "geo_point"
                        }
                    }
                },
                "place": {
                    "dynamic": true,
                    "properties": {
                        "average_location": {
                            "type": "geo_point"
                        },
                        "location_radius": {
                            "type": "float"
                        },
                        "country": {
                            "type": "keyword"
                        },
                        "country_code": {
                            "type": "keyword",
                            "index": false
                        },
                        "full_name": {
                            "type": "keyword"
                        },
                        "id": {
                            "type": "keyword"
                        },
                        "place_type": {
                            "type": "keyword",
                            "index": false
                        }
                    }
                },
                "entities": {
                    "properties": {
                        "hashtags": {
                            "properties": {
                                "text": {
                                    "type": "text",
                                    "fields": {
                                        "keyword": {
                                            "type": "keyword"
                                        }
                                    }
                                }
                            }
                        }
                    }
                },
                "is_quote": {
                    "type": "boolean"
                },
                "is_retweet": {
                    "type": "boolean"
                },
                "retweet_count": {
                    "type": "integer"
                },
                "lang": {
                    "type": "keyword"
                },
                "project": {
                    "type": "keyword"
                }
            }
        }
    }
}